pe_id,throughput,data_size,epoch_size,operation,num_pe
0,272620.51,1,1,fetch-add32,1
0,343397.15,1,2,fetch-add32,1
0,391476.35,1,4,fetch-add32,1
0,418236.89,1,8,fetch-add32,1
0,430461.32,1,16,fetch-add32,1
0,440122.07,1,32,fetch-add32,1
0,443482.29,1,64,fetch-add32,1
0,449817.51,1,128,fetch-add32,1
0,252576.85,1,1,fetch-add32,2
1,252576.64,1,1,fetch-add32,2
0,326690.47,1,2,fetch-add32,2
1,326690.45,1,2,fetch-add32,2
0,378685.12,1,4,fetch-add32,2
1,378685.20,1,4,fetch-add32,2
0,414395.43,1,8,fetch-add32,2
1,414395.42,1,8,fetch-add32,2
0,437872.49,1,16,fetch-add32,2
1,437872.50,1,16,fetch-add32,2
0,451829.74,1,32,fetch-add32,2
1,451829.69,1,32,fetch-add32,2
0,456495.18,1,64,fetch-add32,2
1,456495.14,1,64,fetch-add32,2
0,467862.66,1,128,fetch-add32,2
1,467862.66,1,128,fetch-add32,2
0,181236.07,1,1,fetch-add32,4
1,181235.88,1,1,fetch-add32,4
2,181235.97,1,1,fetch-add32,4
3,181235.90,1,1,fetch-add32,4
0,258540.52,1,2,fetch-add32,4
1,258540.40,1,2,fetch-add32,4
2,258540.54,1,2,fetch-add32,4
3,258540.30,1,2,fetch-add32,4
0,328387.92,1,4,fetch-add32,4
1,328388.62,1,4,fetch-add32,4
2,328388.16,1,4,fetch-add32,4
3,328387.81,1,4,fetch-add32,4
0,383779.59,1,8,fetch-add32,4
1,383779.48,1,8,fetch-add32,4
2,383779.49,1,8,fetch-add32,4
3,383779.58,1,8,fetch-add32,4
0,418768.79,1,16,fetch-add32,4
1,418768.73,1,16,fetch-add32,4
2,418768.80,1,16,fetch-add32,4
3,418768.79,1,16,fetch-add32,4
0,439516.58,1,32,fetch-add32,4
1,439516.50,1,32,fetch-add32,4
2,439516.54,1,32,fetch-add32,4
3,439516.58,1,32,fetch-add32,4
0,453188.74,1,64,fetch-add32,4
1,453188.80,1,64,fetch-add32,4
2,453188.76,1,64,fetch-add32,4
3,453188.80,1,64,fetch-add32,4
0,458337.54,1,128,fetch-add32,4
1,458337.55,1,128,fetch-add32,4
3,458337.53,1,128,fetch-add32,4
0,111493.53,1,1,fetch-add32,8
1,111493.45,1,1,fetch-add32,8
2,111493.49,1,1,fetch-add32,8
3,111493.49,1,1,fetch-add32,8
4,111493.50,1,1,fetch-add32,8
5,111493.52,1,1,fetch-add32,8
6,111493.52,1,1,fetch-add32,8
7,111493.46,1,1,fetch-add32,8
0,181593.62,1,2,fetch-add32,8
1,181592.51,1,2,fetch-add32,8
2,181592.48,1,2,fetch-add32,8
3,181592.82,1,2,fetch-add32,8
4,181592.92,1,2,fetch-add32,8
5,181593.18,1,2,fetch-add32,8
6,181593.45,1,2,fetch-add32,8
7,181593.62,1,2,fetch-add32,8
0,254827.51,1,4,fetch-add32,8
1,254827.47,1,4,fetch-add32,8
2,254827.42,1,4,fetch-add32,8
3,254827.44,1,4,fetch-add32,8
4,254827.43,1,4,fetch-add32,8
5,254827.47,1,4,fetch-add32,8
6,254827.49,1,4,fetch-add32,8
7,254827.43,1,4,fetch-add32,8
0,329314.77,1,8,fetch-add32,8
1,329314.60,1,8,fetch-add32,8
2,329314.54,1,8,fetch-add32,8
3,329314.80,1,8,fetch-add32,8
4,329314.71,1,8,fetch-add32,8
5,329314.74,1,8,fetch-add32,8
6,329314.69,1,8,fetch-add32,8
7,329314.71,1,8,fetch-add32,8
0,378917.01,1,16,fetch-add32,8
1,378916.54,1,16,fetch-add32,8
2,378916.53,1,16,fetch-add32,8
3,378916.48,1,16,fetch-add32,8
4,378916.75,1,16,fetch-add32,8
5,378916.79,1,16,fetch-add32,8
6,378916.93,1,16,fetch-add32,8
7,378917.02,1,16,fetch-add32,8
0,414973.48,1,32,fetch-add32,8
1,414973.15,1,32,fetch-add32,8
2,414973.30,1,32,fetch-add32,8
3,414973.35,1,32,fetch-add32,8
4,414973.41,1,32,fetch-add32,8
5,414973.50,1,32,fetch-add32,8
6,414973.42,1,32,fetch-add32,8
7,414973.46,1,32,fetch-add32,8
0,434628.16,1,64,fetch-add32,8
1,434628.09,1,64,fetch-add32,8
2,434628.20,1,64,fetch-add32,8
3,434628.11,1,64,fetch-add32,8
4,434628.08,1,64,fetch-add32,8
5,434628.11,1,64,fetch-add32,8
6,434628.09,1,64,fetch-add32,8
7,434628.08,1,64,fetch-add32,8
0,446523.60,1,128,fetch-add32,8
1,446523.60,1,128,fetch-add32,8
2,446523.59,1,128,fetch-add32,8
3,446523.61,1,128,fetch-add32,8
4,446523.62,1,128,fetch-add32,8
5,446523.63,1,128,fetch-add32,8
6,446523.61,1,128,fetch-add32,8
7,446523.58,1,128,fetch-add32,8
0,63739.82,1,1,fetch-add32,16
1,63739.74,1,1,fetch-add32,16
2,63739.75,1,1,fetch-add32,16
3,63739.75,1,1,fetch-add32,16
4,63739.78,1,1,fetch-add32,16
5,63739.77,1,1,fetch-add32,16
6,63739.75,1,1,fetch-add32,16
7,63739.78,1,1,fetch-add32,16
8,63739.84,1,1,fetch-add32,16
9,63739.86,1,1,fetch-add32,16
10,63739.80,1,1,fetch-add32,16
11,63739.82,1,1,fetch-add32,16
12,63739.80,1,1,fetch-add32,16
13,63739.82,1,1,fetch-add32,16
14,63739.80,1,1,fetch-add32,16
15,63739.79,1,1,fetch-add32,16
0,111485.09,1,2,fetch-add32,16
1,111484.88,1,2,fetch-add32,16
2,111484.90,1,2,fetch-add32,16
3,111485.00,1,2,fetch-add32,16
4,111484.97,1,2,fetch-add32,16
5,111485.03,1,2,fetch-add32,16
6,111484.98,1,2,fetch-add32,16
7,111484.84,1,2,fetch-add32,16
8,111484.81,1,2,fetch-add32,16
9,111484.79,1,2,fetch-add32,16
10,111484.84,1,2,fetch-add32,16
11,111484.91,1,2,fetch-add32,16
12,111484.94,1,2,fetch-add32,16
13,111485.04,1,2,fetch-add32,16
14,111485.10,1,2,fetch-add32,16
15,111485.09,1,2,fetch-add32,16
0,179506.56,1,4,fetch-add32,16
1,179506.73,1,4,fetch-add32,16
2,179506.64,1,4,fetch-add32,16
3,179506.64,1,4,fetch-add32,16
4,179506.56,1,4,fetch-add32,16
5,179506.51,1,4,fetch-add32,16
6,179506.51,1,4,fetch-add32,16
7,179506.52,1,4,fetch-add32,16
8,179506.55,1,4,fetch-add32,16
9,179506.52,1,4,fetch-add32,16
10,179506.54,1,4,fetch-add32,16
11,179506.49,1,4,fetch-add32,16
12,179506.56,1,4,fetch-add32,16
13,179506.53,1,4,fetch-add32,16
14,179506.54,1,4,fetch-add32,16
15,179506.45,1,4,fetch-add32,16
0,255963.87,1,8,fetch-add32,16
1,255963.72,1,8,fetch-add32,16
2,255963.69,1,8,fetch-add32,16
3,255963.67,1,8,fetch-add32,16
4,255963.82,1,8,fetch-add32,16
5,255963.85,1,8,fetch-add32,16
6,255963.88,1,8,fetch-add32,16
7,255963.95,1,8,fetch-add32,16
8,255963.88,1,8,fetch-add32,16
9,255963.92,1,8,fetch-add32,16
10,255963.81,1,8,fetch-add32,16
11,255963.80,1,8,fetch-add32,16
12,255963.82,1,8,fetch-add32,16
13,255963.81,1,8,fetch-add32,16
14,255963.84,1,8,fetch-add32,16
15,255963.81,1,8,fetch-add32,16
0,324795.64,1,16,fetch-add32,16
1,324795.31,1,16,fetch-add32,16
2,324795.30,1,16,fetch-add32,16
3,324795.32,1,16,fetch-add32,16
4,324795.46,1,16,fetch-add32,16
5,324795.44,1,16,fetch-add32,16
6,324795.43,1,16,fetch-add32,16
7,324795.45,1,16,fetch-add32,16
8,324795.45,1,16,fetch-add32,16
9,324795.46,1,16,fetch-add32,16
10,324795.45,1,16,fetch-add32,16
11,324795.60,1,16,fetch-add32,16
12,324795.60,1,16,fetch-add32,16
13,324795.59,1,16,fetch-add32,16
14,324795.59,1,16,fetch-add32,16
15,324795.55,1,16,fetch-add32,16
0,373742.19,1,32,fetch-add32,16
1,373742.30,1,32,fetch-add32,16
2,373742.33,1,32,fetch-add32,16
3,373742.35,1,32,fetch-add32,16
4,373742.38,1,32,fetch-add32,16
5,373742.29,1,32,fetch-add32,16
6,373742.29,1,32,fetch-add32,16
7,373742.27,1,32,fetch-add32,16
8,373742.31,1,32,fetch-add32,16
9,373742.34,1,32,fetch-add32,16
10,373742.32,1,32,fetch-add32,16
11,373742.31,1,32,fetch-add32,16
12,373742.25,1,32,fetch-add32,16
13,373742.22,1,32,fetch-add32,16
14,373742.20,1,32,fetch-add32,16
15,373742.15,1,32,fetch-add32,16
0,404013.48,1,64,fetch-add32,16
1,404013.48,1,64,fetch-add32,16
2,404013.53,1,64,fetch-add32,16
3,404013.55,1,64,fetch-add32,16
4,404013.47,1,64,fetch-add32,16
5,404013.52,1,64,fetch-add32,16
6,404013.55,1,64,fetch-add32,16
7,404013.44,1,64,fetch-add32,16
8,404013.59,1,64,fetch-add32,16
9,404013.46,1,64,fetch-add32,16
10,404013.37,1,64,fetch-add32,16
11,404013.49,1,64,fetch-add32,16
12,404013.41,1,64,fetch-add32,16
13,404013.46,1,64,fetch-add32,16
14,404013.42,1,64,fetch-add32,16
15,404013.45,1,64,fetch-add32,16
0,423536.63,1,128,fetch-add32,16
1,423536.72,1,128,fetch-add32,16
2,423536.69,1,128,fetch-add32,16
3,423536.72,1,128,fetch-add32,16
4,423536.71,1,128,fetch-add32,16
5,423536.67,1,128,fetch-add32,16
6,423536.67,1,128,fetch-add32,16
7,423536.72,1,128,fetch-add32,16
8,423536.69,1,128,fetch-add32,16
9,423536.69,1,128,fetch-add32,16
10,423536.69,1,128,fetch-add32,16
11,423536.66,1,128,fetch-add32,16
12,423536.68,1,128,fetch-add32,16
13,423536.69,1,128,fetch-add32,16
14,423536.66,1,128,fetch-add32,16
15,423536.68,1,128,fetch-add32,16
0,33051.84,1,1,fetch-add32,32
1,33051.83,1,1,fetch-add32,32
2,33051.83,1,1,fetch-add32,32
3,33051.83,1,1,fetch-add32,32
4,33051.82,1,1,fetch-add32,32
5,33051.82,1,1,fetch-add32,32
6,33051.83,1,1,fetch-add32,32
7,33051.83,1,1,fetch-add32,32
8,33051.84,1,1,fetch-add32,32
9,33051.84,1,1,fetch-add32,32
10,33051.84,1,1,fetch-add32,32
11,33051.84,1,1,fetch-add32,32
12,33051.84,1,1,fetch-add32,32
13,33051.84,1,1,fetch-add32,32
14,33051.83,1,1,fetch-add32,32
15,33051.84,1,1,fetch-add32,32
16,33051.83,1,1,fetch-add32,32
17,33051.83,1,1,fetch-add32,32
18,33051.84,1,1,fetch-add32,32
19,33051.84,1,1,fetch-add32,32
20,33051.83,1,1,fetch-add32,32
21,33051.84,1,1,fetch-add32,32
22,33051.84,1,1,fetch-add32,32
23,33051.84,1,1,fetch-add32,32
24,33051.84,1,1,fetch-add32,32
25,33051.84,1,1,fetch-add32,32
26,33051.84,1,1,fetch-add32,32
27,33051.84,1,1,fetch-add32,32
28,33051.84,1,1,fetch-add32,32
29,33051.84,1,1,fetch-add32,32
30,33051.84,1,1,fetch-add32,32
31,33051.84,1,1,fetch-add32,32
0,42043.67,1,2,fetch-add32,32
1,42043.44,1,2,fetch-add32,32
2,42043.44,1,2,fetch-add32,32
3,42043.44,1,2,fetch-add32,32
4,42043.42,1,2,fetch-add32,32
5,42043.43,1,2,fetch-add32,32
6,42043.43,1,2,fetch-add32,32
7,42043.44,1,2,fetch-add32,32
8,42043.45,1,2,fetch-add32,32
9,42043.48,1,2,fetch-add32,32
10,42043.47,1,2,fetch-add32,32
11,42043.49,1,2,fetch-add32,32
12,42043.49,1,2,fetch-add32,32
13,42043.50,1,2,fetch-add32,32
14,42043.51,1,2,fetch-add32,32
15,42043.52,1,2,fetch-add32,32
16,42043.53,1,2,fetch-add32,32
17,42043.53,1,2,fetch-add32,32
18,42043.55,1,2,fetch-add32,32
19,42043.55,1,2,fetch-add32,32
20,42043.57,1,2,fetch-add32,32
21,42043.57,1,2,fetch-add32,32
22,42043.58,1,2,fetch-add32,32
23,42043.59,1,2,fetch-add32,32
24,42043.60,1,2,fetch-add32,32
25,42043.60,1,2,fetch-add32,32
26,42043.62,1,2,fetch-add32,32
27,42043.63,1,2,fetch-add32,32
28,42043.64,1,2,fetch-add32,32
29,42043.64,1,2,fetch-add32,32
30,42043.65,1,2,fetch-add32,32
31,42043.66,1,2,fetch-add32,32
0,57708.62,1,4,fetch-add32,32
1,57708.43,1,4,fetch-add32,32
2,57708.44,1,4,fetch-add32,32
3,57708.43,1,4,fetch-add32,32
4,57708.42,1,4,fetch-add32,32
5,57708.41,1,4,fetch-add32,32
6,57708.42,1,4,fetch-add32,32
7,57708.42,1,4,fetch-add32,32
8,57708.41,1,4,fetch-add32,32
9,57708.41,1,4,fetch-add32,32
10,57708.42,1,4,fetch-add32,32
11,57708.42,1,4,fetch-add32,32
12,57708.44,1,4,fetch-add32,32
13,57708.44,1,4,fetch-add32,32
14,57708.46,1,4,fetch-add32,32
15,57708.47,1,4,fetch-add32,32
16,57708.49,1,4,fetch-add32,32
17,57708.48,1,4,fetch-add32,32
18,57708.49,1,4,fetch-add32,32
19,57708.50,1,4,fetch-add32,32
20,57708.50,1,4,fetch-add32,32
21,57708.52,1,4,fetch-add32,32
22,57708.53,1,4,fetch-add32,32
23,57708.54,1,4,fetch-add32,32
24,57708.55,1,4,fetch-add32,32
25,57708.56,1,4,fetch-add32,32
26,57708.57,1,4,fetch-add32,32
27,57708.57,1,4,fetch-add32,32
28,57708.58,1,4,fetch-add32,32
29,57708.59,1,4,fetch-add32,32
30,57708.60,1,4,fetch-add32,32
31,57708.61,1,4,fetch-add32,32
0,84180.08,1,8,fetch-add32,32
1,84180.40,1,8,fetch-add32,32
2,84180.40,1,8,fetch-add32,32
3,84180.39,1,8,fetch-add32,32
4,84180.36,1,8,fetch-add32,32
5,84180.36,1,8,fetch-add32,32
6,84180.34,1,8,fetch-add32,32
7,84180.33,1,8,fetch-add32,32
8,84180.32,1,8,fetch-add32,32
9,84180.30,1,8,fetch-add32,32
10,84180.30,1,8,fetch-add32,32
11,84180.28,1,8,fetch-add32,32
12,84180.27,1,8,fetch-add32,32
13,84180.27,1,8,fetch-add32,32
14,84180.25,1,8,fetch-add32,32
15,84180.24,1,8,fetch-add32,32
16,84180.23,1,8,fetch-add32,32
17,84180.22,1,8,fetch-add32,32
18,84180.21,1,8,fetch-add32,32
19,84180.20,1,8,fetch-add32,32
20,84180.19,1,8,fetch-add32,32
21,84180.18,1,8,fetch-add32,32
22,84180.17,1,8,fetch-add32,32
23,84180.15,1,8,fetch-add32,32
24,84180.14,1,8,fetch-add32,32
25,84180.14,1,8,fetch-add32,32
26,84180.12,1,8,fetch-add32,32
27,84180.12,1,8,fetch-add32,32
28,84180.10,1,8,fetch-add32,32
29,84180.10,1,8,fetch-add32,32
30,84180.09,1,8,fetch-add32,32
31,84180.06,1,8,fetch-add32,32
0,121649.65,1,16,fetch-add32,32
1,121649.77,1,16,fetch-add32,32
2,121649.76,1,16,fetch-add32,32
3,121649.73,1,16,fetch-add32,32
4,121649.74,1,16,fetch-add32,32
5,121649.75,1,16,fetch-add32,32
6,121649.75,1,16,fetch-add32,32
7,121649.75,1,16,fetch-add32,32
8,121649.73,1,16,fetch-add32,32
9,121649.74,1,16,fetch-add32,32
10,121649.77,1,16,fetch-add32,32
11,121649.75,1,16,fetch-add32,32
12,121649.75,1,16,fetch-add32,32
13,121649.71,1,16,fetch-add32,32
14,121649.76,1,16,fetch-add32,32
15,121649.76,1,16,fetch-add32,32
16,121649.75,1,16,fetch-add32,32
17,121649.75,1,16,fetch-add32,32
18,121649.77,1,16,fetch-add32,32
19,121649.78,1,16,fetch-add32,32
20,121649.75,1,16,fetch-add32,32
21,121649.77,1,16,fetch-add32,32
22,121649.73,1,16,fetch-add32,32
23,121649.76,1,16,fetch-add32,32
24,121649.72,1,16,fetch-add32,32
25,121649.75,1,16,fetch-add32,32
26,121649.71,1,16,fetch-add32,32
27,121649.76,1,16,fetch-add32,32
28,121649.74,1,16,fetch-add32,32
29,121649.72,1,16,fetch-add32,32
30,121649.70,1,16,fetch-add32,32
31,121649.69,1,16,fetch-add32,32
0,153326.48,1,32,fetch-add32,32
1,153326.61,1,32,fetch-add32,32
2,153326.61,1,32,fetch-add32,32
3,153326.60,1,32,fetch-add32,32
4,153326.59,1,32,fetch-add32,32
5,153326.60,1,32,fetch-add32,32
6,153326.62,1,32,fetch-add32,32
7,153326.62,1,32,fetch-add32,32
8,153326.65,1,32,fetch-add32,32
9,153326.64,1,32,fetch-add32,32
10,153326.65,1,32,fetch-add32,32
11,153326.66,1,32,fetch-add32,32
12,153326.65,1,32,fetch-add32,32
13,153326.63,1,32,fetch-add32,32
14,153326.66,1,32,fetch-add32,32
15,153326.62,1,32,fetch-add32,32
16,153326.62,1,32,fetch-add32,32
17,153326.62,1,32,fetch-add32,32
18,153326.62,1,32,fetch-add32,32
19,153326.60,1,32,fetch-add32,32
20,153326.60,1,32,fetch-add32,32
21,153326.61,1,32,fetch-add32,32
22,153326.59,1,32,fetch-add32,32
23,153326.57,1,32,fetch-add32,32
24,153326.57,1,32,fetch-add32,32
25,153326.56,1,32,fetch-add32,32
26,153326.52,1,32,fetch-add32,32
27,153326.54,1,32,fetch-add32,32
28,153326.54,1,32,fetch-add32,32
29,153326.50,1,32,fetch-add32,32
30,153326.52,1,32,fetch-add32,32
31,153326.51,1,32,fetch-add32,32
0,176064.95,1,64,fetch-add32,32
1,176065.13,1,64,fetch-add32,32
2,176065.15,1,64,fetch-add32,32
3,176065.14,1,64,fetch-add32,32
4,176065.16,1,64,fetch-add32,32
5,176065.12,1,64,fetch-add32,32
6,176065.13,1,64,fetch-add32,32
7,176065.12,1,64,fetch-add32,32
8,176065.10,1,64,fetch-add32,32
9,176065.12,1,64,fetch-add32,32
10,176065.11,1,64,fetch-add32,32
11,176065.11,1,64,fetch-add32,32
12,176065.09,1,64,fetch-add32,32
13,176065.10,1,64,fetch-add32,32
14,176065.08,1,64,fetch-add32,32
15,176065.06,1,64,fetch-add32,32
16,176065.06,1,64,fetch-add32,32
17,176065.05,1,64,fetch-add32,32
18,176065.04,1,64,fetch-add32,32
19,176065.04,1,64,fetch-add32,32
20,176065.04,1,64,fetch-add32,32
21,176065.02,1,64,fetch-add32,32
22,176065.01,1,64,fetch-add32,32
23,176065.02,1,64,fetch-add32,32
24,176064.99,1,64,fetch-add32,32
25,176065.00,1,64,fetch-add32,32
26,176064.99,1,64,fetch-add32,32
27,176064.99,1,64,fetch-add32,32
28,176064.98,1,64,fetch-add32,32
29,176064.97,1,64,fetch-add32,32
30,176064.97,1,64,fetch-add32,32
31,176064.94,1,64,fetch-add32,32
0,184473.07,1,128,fetch-add32,32
1,184473.23,1,128,fetch-add32,32
2,184473.22,1,128,fetch-add32,32
3,184473.22,1,128,fetch-add32,32
4,184473.22,1,128,fetch-add32,32
5,184473.21,1,128,fetch-add32,32
6,184473.20,1,128,fetch-add32,32
7,184473.20,1,128,fetch-add32,32
8,184473.19,1,128,fetch-add32,32
9,184473.19,1,128,fetch-add32,32
10,184473.18,1,128,fetch-add32,32
11,184473.17,1,128,fetch-add32,32
12,184473.17,1,128,fetch-add32,32
13,184473.16,1,128,fetch-add32,32
14,184473.15,1,128,fetch-add32,32
15,184473.14,1,128,fetch-add32,32
16,184473.13,1,128,fetch-add32,32
17,184473.13,1,128,fetch-add32,32
18,184473.12,1,128,fetch-add32,32
19,184473.11,1,128,fetch-add32,32
20,184473.11,1,128,fetch-add32,32
21,184473.11,1,128,fetch-add32,32
22,184473.11,1,128,fetch-add32,32
23,184473.10,1,128,fetch-add32,32
24,184473.09,1,128,fetch-add32,32
25,184473.10,1,128,fetch-add32,32
26,184473.09,1,128,fetch-add32,32
27,184473.09,1,128,fetch-add32,32
28,184473.09,1,128,fetch-add32,32
29,184473.08,1,128,fetch-add32,32
30,184473.08,1,128,fetch-add32,32
31,184473.07,1,128,fetch-add32,32
0,273191.45,1,1,fetch-add64,1
0,344243.56,1,2,fetch-add64,1
0,389136.56,1,4,fetch-add64,1
0,420083.40,1,8,fetch-add64,1
0,429359.66,1,16,fetch-add64,1
0,436862.60,1,32,fetch-add64,1
0,442203.47,1,64,fetch-add64,1
0,448639.29,1,128,fetch-add64,1
0,251851.02,1,1,fetch-add64,2
1,251850.85,1,1,fetch-add64,2
0,325919.97,1,2,fetch-add64,2
1,325919.94,1,2,fetch-add64,2
0,375216.14,1,4,fetch-add64,2
1,375216.03,1,4,fetch-add64,2
0,415046.07,1,8,fetch-add64,2
1,415045.93,1,8,fetch-add64,2
0,436817.86,1,16,fetch-add64,2
1,436817.80,1,16,fetch-add64,2
0,449180.50,1,32,fetch-add64,2
1,449180.50,1,32,fetch-add64,2
0,461933.68,1,64,fetch-add64,2
1,461933.66,1,64,fetch-add64,2
0,462639.14,1,128,fetch-add64,2
1,462639.11,1,128,fetch-add64,2
0,182499.90,1,1,fetch-add64,4
1,182499.83,1,1,fetch-add64,4
2,182499.79,1,1,fetch-add64,4
3,182499.84,1,1,fetch-add64,4
0,259447.08,1,2,fetch-add64,4
1,259446.92,1,2,fetch-add64,4
2,259446.92,1,2,fetch-add64,4
3,259446.96,1,2,fetch-add64,4
0,327307.60,1,4,fetch-add64,4
1,327307.49,1,4,fetch-add64,4
2,327307.54,1,4,fetch-add64,4
3,327307.45,1,4,fetch-add64,4
0,380677.56,1,8,fetch-add64,4
1,380677.85,1,8,fetch-add64,4
2,380677.70,1,8,fetch-add64,4
3,380677.54,1,8,fetch-add64,4
0,418654.85,1,16,fetch-add64,4
1,418654.82,1,16,fetch-add64,4
2,418654.77,1,16,fetch-add64,4
3,418654.81,1,16,fetch-add64,4
0,438978.65,1,32,fetch-add64,4
1,438978.59,1,32,fetch-add64,4
2,438978.61,1,32,fetch-add64,4
3,438978.60,1,32,fetch-add64,4
0,450327.72,1,64,fetch-add64,4
1,450327.70,1,64,fetch-add64,4
2,450327.77,1,64,fetch-add64,4
3,450327.71,1,64,fetch-add64,4
0,457216.32,1,128,fetch-add64,4
1,457216.31,1,128,fetch-add64,4
2,457216.31,1,128,fetch-add64,4
3,457216.33,1,128,fetch-add64,4
0,111455.25,1,1,fetch-add64,8
1,111456.07,1,1,fetch-add64,8
2,111455.84,1,1,fetch-add64,8
3,111455.77,1,1,fetch-add64,8
4,111455.65,1,1,fetch-add64,8
5,111455.52,1,1,fetch-add64,8
6,111455.33,1,1,fetch-add64,8
7,111455.15,1,1,fetch-add64,8
0,181339.92,1,2,fetch-add64,8
1,181341.17,1,2,fetch-add64,8
2,181341.11,1,2,fetch-add64,8
3,181340.92,1,2,fetch-add64,8
4,181340.70,1,2,fetch-add64,8
5,181340.49,1,2,fetch-add64,8
6,181340.28,1,2,fetch-add64,8
7,181340.17,1,2,fetch-add64,8
0,252089.20,1,4,fetch-add64,8
1,252089.90,1,4,fetch-add64,8
2,252089.78,1,4,fetch-add64,8
3,252089.89,1,4,fetch-add64,8
4,252089.59,1,4,fetch-add64,8
5,252089.46,1,4,fetch-add64,8
6,252089.27,1,4,fetch-add64,8
7,252089.12,1,4,fetch-add64,8
0,327543.63,1,8,fetch-add64,8
1,327543.59,1,8,fetch-add64,8
2,327543.57,1,8,fetch-add64,8
3,327543.55,1,8,fetch-add64,8
4,327543.55,1,8,fetch-add64,8
5,327543.65,1,8,fetch-add64,8
6,327543.56,1,8,fetch-add64,8
7,327543.53,1,8,fetch-add64,8
0,379388.17,1,16,fetch-add64,8
1,379388.11,1,16,fetch-add64,8
2,379388.09,1,16,fetch-add64,8
3,379388.04,1,16,fetch-add64,8
4,379388.03,1,16,fetch-add64,8
5,379388.15,1,16,fetch-add64,8
6,379388.10,1,16,fetch-add64,8
7,379388.13,1,16,fetch-add64,8
0,414019.70,1,32,fetch-add64,8
1,414019.66,1,32,fetch-add64,8
2,414019.64,1,32,fetch-add64,8
3,414019.70,1,32,fetch-add64,8
4,414019.70,1,32,fetch-add64,8
5,414019.66,1,32,fetch-add64,8
6,414019.68,1,32,fetch-add64,8
7,414019.72,1,32,fetch-add64,8
0,434078.39,1,64,fetch-add64,8
1,434078.38,1,64,fetch-add64,8
2,434078.35,1,64,fetch-add64,8
3,434078.37,1,64,fetch-add64,8
4,434078.36,1,64,fetch-add64,8
5,434078.36,1,64,fetch-add64,8
6,434078.40,1,64,fetch-add64,8
7,434078.38,1,64,fetch-add64,8
0,444587.86,1,128,fetch-add64,8
1,444587.84,1,128,fetch-add64,8
2,444587.84,1,128,fetch-add64,8
3,444587.85,1,128,fetch-add64,8
4,444587.82,1,128,fetch-add64,8
5,444587.84,1,128,fetch-add64,8
6,444587.83,1,128,fetch-add64,8
7,444587.85,1,128,fetch-add64,8
0,63932.68,1,1,fetch-add64,16
1,63932.38,1,1,fetch-add64,16
2,63932.45,1,1,fetch-add64,16
3,63932.47,1,1,fetch-add64,16
4,63932.54,1,1,fetch-add64,16
5,63932.58,1,1,fetch-add64,16
6,63932.60,1,1,fetch-add64,16
7,63932.68,1,1,fetch-add64,16
8,63932.66,1,1,fetch-add64,16
9,63932.67,1,1,fetch-add64,16
10,63932.67,1,1,fetch-add64,16
11,63932.67,1,1,fetch-add64,16
12,63932.67,1,1,fetch-add64,16
13,63932.65,1,1,fetch-add64,16
14,63932.67,1,1,fetch-add64,16
15,63932.65,1,1,fetch-add64,16
0,111990.58,1,2,fetch-add64,16
1,111991.09,1,2,fetch-add64,16
2,111991.18,1,2,fetch-add64,16
3,111991.18,1,2,fetch-add64,16
4,111991.16,1,2,fetch-add64,16
5,111991.07,1,2,fetch-add64,16
6,111991.00,1,2,fetch-add64,16
7,111990.91,1,2,fetch-add64,16
8,111990.95,1,2,fetch-add64,16
9,111990.91,1,2,fetch-add64,16
10,111990.86,1,2,fetch-add64,16
11,111990.81,1,2,fetch-add64,16
12,111990.76,1,2,fetch-add64,16
13,111990.69,1,2,fetch-add64,16
14,111990.59,1,2,fetch-add64,16
15,111990.53,1,2,fetch-add64,16
0,180229.26,1,4,fetch-add64,16
1,180228.79,1,4,fetch-add64,16
2,180228.84,1,4,fetch-add64,16
3,180228.76,1,4,fetch-add64,16
4,180228.79,1,4,fetch-add64,16
5,180228.74,1,4,fetch-add64,16
6,180228.86,1,4,fetch-add64,16
7,180228.90,1,4,fetch-add64,16
8,180228.92,1,4,fetch-add64,16
9,180228.90,1,4,fetch-add64,16
10,180228.99,1,4,fetch-add64,16
11,180229.08,1,4,fetch-add64,16
12,180229.19,1,4,fetch-add64,16
13,180229.25,1,4,fetch-add64,16
14,180229.23,1,4,fetch-add64,16
15,180229.24,1,4,fetch-add64,16
0,255860.43,1,8,fetch-add64,16
1,255860.36,1,8,fetch-add64,16
2,255860.37,1,8,fetch-add64,16
3,255860.36,1,8,fetch-add64,16
4,255860.45,1,8,fetch-add64,16
5,255860.36,1,8,fetch-add64,16
6,255860.35,1,8,fetch-add64,16
7,255860.32,1,8,fetch-add64,16
8,255860.32,1,8,fetch-add64,16
9,255860.41,1,8,fetch-add64,16
10,255860.38,1,8,fetch-add64,16
11,255860.38,1,8,fetch-add64,16
12,255860.36,1,8,fetch-add64,16
13,255860.37,1,8,fetch-add64,16
14,255860.36,1,8,fetch-add64,16
15,255860.38,1,8,fetch-add64,16
0,324528.73,1,16,fetch-add64,16
1,324528.90,1,16,fetch-add64,16
2,324528.92,1,16,fetch-add64,16
3,324528.87,1,16,fetch-add64,16
4,324528.94,1,16,fetch-add64,16
5,324528.83,1,16,fetch-add64,16
6,324528.77,1,16,fetch-add64,16
7,324528.67,1,16,fetch-add64,16
8,324528.64,1,16,fetch-add64,16
9,324528.56,1,16,fetch-add64,16
10,324528.66,1,16,fetch-add64,16
11,324528.67,1,16,fetch-add64,16
12,324528.78,1,16,fetch-add64,16
13,324528.71,1,16,fetch-add64,16
14,324528.70,1,16,fetch-add64,16
15,324528.67,1,16,fetch-add64,16
0,371966.53,1,32,fetch-add64,16
1,371966.02,1,32,fetch-add64,16
2,371966.07,1,32,fetch-add64,16
3,371966.10,1,32,fetch-add64,16
4,371966.22,1,32,fetch-add64,16
5,371966.24,1,32,fetch-add64,16
6,371966.32,1,32,fetch-add64,16
7,371966.32,1,32,fetch-add64,16
8,371966.32,1,32,fetch-add64,16
9,371966.35,1,32,fetch-add64,16
10,371966.39,1,32,fetch-add64,16
11,371966.41,1,32,fetch-add64,16
12,371966.50,1,32,fetch-add64,16
13,371966.50,1,32,fetch-add64,16
14,371966.51,1,32,fetch-add64,16
15,371966.53,1,32,fetch-add64,16
0,403584.85,1,64,fetch-add64,16
1,403584.79,1,64,fetch-add64,16
2,403584.94,1,64,fetch-add64,16
3,403584.87,1,64,fetch-add64,16
4,403584.89,1,64,fetch-add64,16
5,403584.93,1,64,fetch-add64,16
6,403584.94,1,64,fetch-add64,16
7,403584.89,1,64,fetch-add64,16
8,403584.91,1,64,fetch-add64,16
9,403584.97,1,64,fetch-add64,16
10,403584.89,1,64,fetch-add64,16
11,403584.91,1,64,fetch-add64,16
12,403584.93,1,64,fetch-add64,16
13,403584.92,1,64,fetch-add64,16
14,403584.82,1,64,fetch-add64,16
15,403584.84,1,64,fetch-add64,16
0,422040.15,1,128,fetch-add64,16
1,422040.15,1,128,fetch-add64,16
2,422040.15,1,128,fetch-add64,16
3,422040.15,1,128,fetch-add64,16
4,422040.15,1,128,fetch-add64,16
5,422040.15,1,128,fetch-add64,16
6,422040.15,1,128,fetch-add64,16
7,422040.15,1,128,fetch-add64,16
8,422040.15,1,128,fetch-add64,16
9,422040.15,1,128,fetch-add64,16
10,422040.15,1,128,fetch-add64,16
11,422040.15,1,128,fetch-add64,16
12,422040.15,1,128,fetch-add64,16
13,422040.15,1,128,fetch-add64,16
14,422040.15,1,128,fetch-add64,16
15,422040.15,1,128,fetch-add64,16
0,32965.13,1,1,fetch-add64,32
1,32964.78,1,1,fetch-add64,32
2,32964.79,1,1,fetch-add64,32
3,32964.79,1,1,fetch-add64,32
4,32964.81,1,1,fetch-add64,32
5,32964.81,1,1,fetch-add64,32
6,32964.82,1,1,fetch-add64,32
7,32964.84,1,1,fetch-add64,32
8,32964.83,1,1,fetch-add64,32
9,32964.85,1,1,fetch-add64,32
10,32964.87,1,1,fetch-add64,32
11,32964.86,1,1,fetch-add64,32
12,32964.90,1,1,fetch-add64,32
13,32964.90,1,1,fetch-add64,32
14,32964.92,1,1,fetch-add64,32
15,32964.93,1,1,fetch-add64,32
16,32964.94,1,1,fetch-add64,32
17,32964.94,1,1,fetch-add64,32
18,32964.96,1,1,fetch-add64,32
19,32964.98,1,1,fetch-add64,32
20,32964.99,1,1,fetch-add64,32
21,32965.00,1,1,fetch-add64,32
22,32965.00,1,1,fetch-add64,32
23,32965.03,1,1,fetch-add64,32
24,32965.05,1,1,fetch-add64,32
25,32965.05,1,1,fetch-add64,32
26,32965.05,1,1,fetch-add64,32
27,32965.08,1,1,fetch-add64,32
28,32965.08,1,1,fetch-add64,32
29,32965.09,1,1,fetch-add64,32
30,32965.09,1,1,fetch-add64,32
31,32965.13,1,1,fetch-add64,32
0,41935.50,1,2,fetch-add64,32
1,41935.51,1,2,fetch-add64,32
2,41935.50,1,2,fetch-add64,32
3,41935.48,1,2,fetch-add64,32
4,41935.48,1,2,fetch-add64,32
5,41935.48,1,2,fetch-add64,32
6,41935.49,1,2,fetch-add64,32
7,41935.49,1,2,fetch-add64,32
8,41935.49,1,2,fetch-add64,32
9,41935.49,1,2,fetch-add64,32
10,41935.49,1,2,fetch-add64,32
11,41935.49,1,2,fetch-add64,32
12,41935.49,1,2,fetch-add64,32
13,41935.48,1,2,fetch-add64,32
14,41935.48,1,2,fetch-add64,32
15,41935.49,1,2,fetch-add64,32
16,41935.48,1,2,fetch-add64,32
17,41935.49,1,2,fetch-add64,32
18,41935.49,1,2,fetch-add64,32
19,41935.49,1,2,fetch-add64,32
20,41935.49,1,2,fetch-add64,32
21,41935.48,1,2,fetch-add64,32
22,41935.49,1,2,fetch-add64,32
23,41935.49,1,2,fetch-add64,32
24,41935.49,1,2,fetch-add64,32
25,41935.49,1,2,fetch-add64,32
26,41935.49,1,2,fetch-add64,32
27,41935.49,1,2,fetch-add64,32
28,41935.50,1,2,fetch-add64,32
29,41935.49,1,2,fetch-add64,32
30,41935.49,1,2,fetch-add64,32
31,41935.50,1,2,fetch-add64,32
0,57552.30,1,4,fetch-add64,32
1,57552.27,1,4,fetch-add64,32
2,57552.27,1,4,fetch-add64,32
3,57552.27,1,4,fetch-add64,32
4,57552.26,1,4,fetch-add64,32
5,57552.27,1,4,fetch-add64,32
6,57552.28,1,4,fetch-add64,32
7,57552.29,1,4,fetch-add64,32
8,57552.28,1,4,fetch-add64,32
9,57552.29,1,4,fetch-add64,32
10,57552.29,1,4,fetch-add64,32
11,57552.30,1,4,fetch-add64,32
12,57552.29,1,4,fetch-add64,32
13,57552.28,1,4,fetch-add64,32
14,57552.29,1,4,fetch-add64,32
15,57552.27,1,4,fetch-add64,32
16,57552.29,1,4,fetch-add64,32
17,57552.28,1,4,fetch-add64,32
18,57552.28,1,4,fetch-add64,32
19,57552.29,1,4,fetch-add64,32
20,57552.28,1,4,fetch-add64,32
21,57552.29,1,4,fetch-add64,32
22,57552.28,1,4,fetch-add64,32
23,57552.29,1,4,fetch-add64,32
24,57552.29,1,4,fetch-add64,32
25,57552.29,1,4,fetch-add64,32
26,57552.27,1,4,fetch-add64,32
27,57552.29,1,4,fetch-add64,32
28,57552.28,1,4,fetch-add64,32
29,57552.28,1,4,fetch-add64,32
30,57552.29,1,4,fetch-add64,32
31,57552.29,1,4,fetch-add64,32
0,83304.98,1,8,fetch-add64,32
1,83305.09,1,8,fetch-add64,32
2,83305.09,1,8,fetch-add64,32
3,83305.10,1,8,fetch-add64,32
4,83305.08,1,8,fetch-add64,32
5,83305.07,1,8,fetch-add64,32
6,83305.06,1,8,fetch-add64,32
7,83305.05,1,8,fetch-add64,32
8,83305.06,1,8,fetch-add64,32
9,83305.05,1,8,fetch-add64,32
10,83305.06,1,8,fetch-add64,32
11,83305.07,1,8,fetch-add64,32
12,83305.06,1,8,fetch-add64,32
13,83305.06,1,8,fetch-add64,32
14,83305.06,1,8,fetch-add64,32
15,83305.06,1,8,fetch-add64,32
16,83305.05,1,8,fetch-add64,32
17,83305.05,1,8,fetch-add64,32
18,83305.06,1,8,fetch-add64,32
19,83305.07,1,8,fetch-add64,32
20,83305.06,1,8,fetch-add64,32
21,83305.06,1,8,fetch-add64,32
22,83305.05,1,8,fetch-add64,32
23,83305.05,1,8,fetch-add64,32
24,83305.04,1,8,fetch-add64,32
25,83305.02,1,8,fetch-add64,32
26,83305.03,1,8,fetch-add64,32
27,83305.01,1,8,fetch-add64,32
28,83305.01,1,8,fetch-add64,32
29,83304.99,1,8,fetch-add64,32
30,83304.98,1,8,fetch-add64,32
31,83304.97,1,8,fetch-add64,32
0,121777.73,1,16,fetch-add64,32
1,121777.83,1,16,fetch-add64,32
2,121777.84,1,16,fetch-add64,32
3,121777.87,1,16,fetch-add64,32
4,121777.87,1,16,fetch-add64,32
5,121777.89,1,16,fetch-add64,32
6,121777.91,1,16,fetch-add64,32
7,121777.90,1,16,fetch-add64,32
8,121777.86,1,16,fetch-add64,32
9,121777.88,1,16,fetch-add64,32
10,121777.88,1,16,fetch-add64,32
11,121777.86,1,16,fetch-add64,32
12,121777.91,1,16,fetch-add64,32
13,121777.86,1,16,fetch-add64,32
14,121777.84,1,16,fetch-add64,32
15,121777.84,1,16,fetch-add64,32
16,121777.83,1,16,fetch-add64,32
17,121777.80,1,16,fetch-add64,32
18,121777.80,1,16,fetch-add64,32
19,121777.81,1,16,fetch-add64,32
20,121777.82,1,16,fetch-add64,32
21,121777.79,1,16,fetch-add64,32
22,121777.82,1,16,fetch-add64,32
23,121777.69,1,16,fetch-add64,32
24,121777.77,1,16,fetch-add64,32
25,121777.77,1,16,fetch-add64,32
26,121777.78,1,16,fetch-add64,32
27,121777.77,1,16,fetch-add64,32
28,121777.75,1,16,fetch-add64,32
29,121777.76,1,16,fetch-add64,32
30,121777.77,1,16,fetch-add64,32
31,121777.77,1,16,fetch-add64,32
0,154826.32,1,32,fetch-add64,32
1,154826.34,1,32,fetch-add64,32
2,154826.34,1,32,fetch-add64,32
3,154826.33,1,32,fetch-add64,32
4,154826.33,1,32,fetch-add64,32
5,154826.32,1,32,fetch-add64,32
6,154826.31,1,32,fetch-add64,32
7,154826.32,1,32,fetch-add64,32
8,154826.34,1,32,fetch-add64,32
9,154826.34,1,32,fetch-add64,32
10,154826.36,1,32,fetch-add64,32
11,154826.33,1,32,fetch-add64,32
12,154826.34,1,32,fetch-add64,32
13,154826.35,1,32,fetch-add64,32
14,154826.34,1,32,fetch-add64,32
15,154826.33,1,32,fetch-add64,32
16,154826.34,1,32,fetch-add64,32
17,154826.33,1,32,fetch-add64,32
18,154826.33,1,32,fetch-add64,32
19,154826.35,1,32,fetch-add64,32
20,154826.35,1,32,fetch-add64,32
21,154826.34,1,32,fetch-add64,32
22,154826.33,1,32,fetch-add64,32
23,154826.38,1,32,fetch-add64,32
24,154826.33,1,32,fetch-add64,32
25,154826.33,1,32,fetch-add64,32
26,154826.32,1,32,fetch-add64,32
27,154826.33,1,32,fetch-add64,32
28,154826.35,1,32,fetch-add64,32
29,154826.34,1,32,fetch-add64,32
30,154826.34,1,32,fetch-add64,32
31,154826.37,1,32,fetch-add64,32
0,184277.39,1,128,fetch-add64,32
1,184277.42,1,128,fetch-add64,32
2,184277.42,1,128,fetch-add64,32
3,184277.42,1,128,fetch-add64,32
4,184277.42,1,128,fetch-add64,32
5,184277.42,1,128,fetch-add64,32
6,184277.40,1,128,fetch-add64,32
7,184277.41,1,128,fetch-add64,32
8,184277.40,1,128,fetch-add64,32
9,184277.41,1,128,fetch-add64,32
10,184277.41,1,128,fetch-add64,32
11,184277.42,1,128,fetch-add64,32
12,184277.42,1,128,fetch-add64,32
13,184277.42,1,128,fetch-add64,32
14,184277.42,1,128,fetch-add64,32
15,184277.42,1,128,fetch-add64,32
16,184277.42,1,128,fetch-add64,32
17,184277.42,1,128,fetch-add64,32
18,184277.42,1,128,fetch-add64,32
19,184277.42,1,128,fetch-add64,32
20,184277.42,1,128,fetch-add64,32
21,184277.42,1,128,fetch-add64,32
22,184277.40,1,128,fetch-add64,32
23,184277.40,1,128,fetch-add64,32
24,184277.40,1,128,fetch-add64,32
25,184277.41,1,128,fetch-add64,32
26,184277.40,1,128,fetch-add64,32
27,184277.40,1,128,fetch-add64,32
28,184277.41,1,128,fetch-add64,32
29,184277.40,1,128,fetch-add64,32
30,184277.40,1,128,fetch-add64,32
31,184277.40,1,128,fetch-add64,32
